title,section,url
Social Anxiety and Social Phobia in Youth,Behavioral Science,https://link.springer.com/content/pdf/10.1007%2Fb99417.pdf
Clinical Neuroanatomy,Behavioral Science,https://link.springer.com/content/pdf/10.1007%2F978-0-387-36601-2.pdf
Acquired Brain Injury,Behavioral Science,https://link.springer.com/content/pdf/10.1007%2F978-0-387-37575-5.pdf
"Psychology, Religion, and Spirituality",Behavioral Science,https://link.springer.com/content/pdf/10.1007%2F978-0-387-87573-6.pdf
Child Neuropsychology,Behavioral Science,https://link.springer.com/content/pdf/10.1007%2F978-0-387-88963-4.pdf
Clinical Assessment of Child and Adolescent Personality and Behavior,Behavioral Science,https://link.springer.com/content/pdf/10.1007%2F978-1-4419-0641-0.pdf
A Clinical Guide to the Treatment of the Human Stress Response,Behavioral Science,https://link.springer.com/content/pdf/10.1007%2F978-1-4614-5538-7.pdf
The Psychology of Social Status,Behavioral Science,https://link.springer.com/content/pdf/10.1007%2F978-1-4939-0867-7.pdf
Psychoeducational Assessment and Report Writing,Behavioral Science,https://link.springer.com/content/pdf/10.1007%2F978-1-4939-1911-6.pdf
Evidence-Based Interventions for Children with Challenging Behavior,Behavioral Science,https://link.springer.com/content/pdf/10.1007%2F978-1-4614-7807-2.pdf
MATLAB for Psychologists,Behavioral Science,https://link.springer.com/content/pdf/10.1007%2F978-1-4614-2197-9.pdf
International Perspectives on Psychotherapy,Behavioral Science and Psychology,https://link.springer.com/content/pdf/10.1007%2F978-3-319-56194-3.pdf
Applied Behavior Analysis,Behavioral Science and Psychology,https://link.springer.com/content/pdf/10.1007%2F978-3-319-44794-0.pdf
Psychology of Perception,Behavioral Science and Psychology,https://link.springer.com/content/pdf/10.1007%2F978-3-319-31791-5.pdf
Handbook of Consumer Finance Research,Behavioral Science and Psychology,https://link.springer.com/content/pdf/10.1007%2F978-3-319-28887-1.pdf
Clinical Methods in Medical Family Therapy,Behavioral Science and Psychology,https://link.springer.com/content/pdf/10.1007%2F978-3-319-68834-3.pdf
Motivation and Action,Behavioral Science and Psychology,https://link.springer.com/content/pdf/10.1007%2F978-3-319-65094-4.pdf
Perceptual Organization,Behavioral Science and Psychology,https://link.springer.com/content/pdf/10.1007%2F978-3-319-96337-2.pdf
Evidence-Based Practice in Clinical Social Work,Behavioral Science and Psychology,https://link.springer.com/content/pdf/10.1007%2F978-3-030-15224-6.pdf
Foundations of Behavioral Health,Behavioral Science and Psychology,https://link.springer.com/content/pdf/10.1007%2F978-3-030-18435-3.pdf
Social Psychology in Action,Behavioral Science and Psychology,https://link.springer.com/content/pdf/10.1007%2F978-3-030-13788-5.pdf
Developmental Neurobiology,Biomedical and Life Sciences,https://link.springer.com/content/pdf/10.1007%2F0-387-28117-7.pdf
Handbook of Biological Confocal Microscopy,Biomedical and Life Sciences,https://link.springer.com/content/pdf/10.1007%2F978-0-387-45524-2.pdf
Fundamentals of Biomechanics,Biomedical and Life Sciences,https://link.springer.com/content/pdf/10.1007%2F978-0-387-49312-1.pdf
Plant Physiological Ecology,Biomedical and Life Sciences,https://link.springer.com/content/pdf/10.1007%2F978-0-387-78341-3.pdf
The Joy of Science,Biomedical and Life Sciences,https://link.springer.com/content/pdf/10.1007%2F978-1-4020-6099-1.pdf
Metabolism of Human Diseases,Biomedical and Life Sciences,https://link.springer.com/content/pdf/10.1007%2F978-3-7091-0715-7.pdf
Integrative Human Biochemistry,Biomedical and Life Sciences,https://link.springer.com/content/pdf/10.1007%2F978-1-4939-3058-6.pdf
Integrated Neuroscience,Biomedical and Life Sciences,https://link.springer.com/content/pdf/10.1007%2F978-1-4615-1077-2.pdf
Fundamentals of Biomechanics,Biomedical and Life Sciences,https://link.springer.com/content/pdf/10.1007%2F978-3-319-44738-4.pdf
Human Chromosomes,Biomedical and Life Sciences,https://link.springer.com/content/pdf/10.1007%2F978-1-4613-0139-4.pdf
Phylogenomics,Biomedical and Life Sciences,https://link.springer.com/content/pdf/10.1007%2F978-3-319-54064-1.pdf
Principles of Terrestrial Ecosystem Ecology,Biomedical and Life Sciences,https://link.springer.com/content/pdf/10.1007%2F978-1-4419-9504-9.pdf
Learning Landscape Ecology,Biomedical and Life Sciences,https://link.springer.com/content/pdf/10.1007%2F978-1-4939-6374-4.pdf
Epidemiological Research Terms and Concepts,Biomedical and Life Sciences,https://link.springer.com/content/pdf/10.1007%2F978-94-007-1171-6.pdf
Statistical Analysis of Clinical Data on a Pocket Calculator,Biomedical and Life Sciences,https://link.springer.com/content/pdf/10.1007%2F978-94-007-1211-9.pdf
Clinical Data Analysis on a Pocket Calculator,Biomedical and Life Sciences,https://link.springer.com/content/pdf/10.1007%2F978-3-319-27104-0.pdf
Essentials of Cerebellum and Cerebellar Disorders,Biomedical and Life Sciences,https://link.springer.com/content/pdf/10.1007%2F978-3-319-24551-5.pdf
"Handbook of Cardiac Anatomy, Physiology, and Devices",Biomedical and Life Sciences,https://link.springer.com/content/pdf/10.1007%2F978-3-319-19464-6.pdf
The Gastrointestinal System,Biomedical and Life Sciences,https://link.springer.com/content/pdf/10.1007%2F978-94-017-8771-0.pdf
SPSS for Starters and 2nd Levelers,Biomedical and Life Sciences,https://link.springer.com/content/pdf/10.1007%2F978-3-319-20600-4.pdf
Machine Learning in Medicine - a Complete Overview,Biomedical and Life Sciences,https://link.springer.com/content/pdf/10.1007%2F978-3-319-15195-3.pdf
Pharmaceutical Biotechnology,Biomedical and Life Sciences,https://link.springer.com/content/pdf/10.1007%2F978-1-4614-6486-0.pdf
An Introduction to Biomechanics,Biomedical and Life Sciences,https://link.springer.com/content/pdf/10.1007%2F978-1-4939-2623-7.pdf
Bioinformatics for Evolutionary Biologists,Biomedical and Life Sciences,https://link.springer.com/content/pdf/10.1007%2F978-3-319-67395-0.pdf
Lessons on Synthetic Bioarchitectures,Biomedical and Life Sciences,https://link.springer.com/content/pdf/10.1007%2F978-3-319-73123-0.pdf
Applied Bioinformatics,Biomedical and Life Sciences,https://link.springer.com/content/pdf/10.1007%2F978-3-319-68301-0.pdf
"ENZYMES Catalysis, Kinetics and Mechanisms",Biomedical and Life Sciences,https://link.springer.com/content/pdf/10.1007%2F978-981-13-0785-0.pdf
"Plant Physiology, Development and Metabolism",Biomedical and Life Sciences,https://link.springer.com/content/pdf/10.1007%2F978-981-13-2023-1.pdf
Plant Anatomy,Biomedical and Life Sciences,https://link.springer.com/content/pdf/10.1007%2F978-3-319-77315-5.pdf
Pharmaceutical Biotechnology,Biomedical and Life Sciences,https://link.springer.com/content/pdf/10.1007%2F978-3-030-00710-2.pdf
Food Fraud Prevention,Biomedical and Life Sciences,https://link.springer.com/content/pdf/10.1007%2F978-1-4939-9621-6.pdf
Plant Ecology,Biomedical and Life Sciences,https://link.springer.com/content/pdf/10.1007%2F978-3-662-56233-8.pdf
Database Marketing,Business and Economics,https://link.springer.com/content/pdf/10.1007%2F978-0-387-72579-6.pdf
Microeconomics,Business and Economics,https://link.springer.com/content/pdf/10.1007%2F978-3-642-37434-0.pdf
Design Research in Information Systems,Business and Economics,https://link.springer.com/content/pdf/10.1007%2F978-1-4419-5653-8.pdf
Strategic International Management,Business and Economics,https://link.springer.com/content/pdf/10.1007%2F978-3-8349-6331-4.pdf
International Trade Theory and Policy,Business and Economics,https://link.springer.com/content/pdf/10.1007%2F978-3-642-37314-5.pdf
Supply Chain Management and Advanced Planning,Business and Economics,https://link.springer.com/content/pdf/10.1007%2F978-3-642-55309-7.pdf
Strategic International Management,Business and Economics,https://link.springer.com/content/pdf/10.1007%2F978-3-658-07884-3.pdf
Search Methodologies,Business and Economics,https://link.springer.com/content/pdf/10.1007%2F978-1-4614-6940-7.pdf
Linear Programming,Business and Economics,https://link.springer.com/content/pdf/10.1007%2F978-1-4614-7630-6.pdf
Corporate Social Responsibility,Business and Economics,https://link.springer.com/content/pdf/10.1007%2F978-3-642-40975-2.pdf
Electronic Commerce,Business and Economics,https://link.springer.com/content/pdf/10.1007%2F978-3-319-10091-3.pdf
Econometrics,Business and Economics,https://link.springer.com/content/pdf/10.1007%2F978-3-642-20059-5.pdf
Logistics,Business and Economics,https://link.springer.com/content/pdf/10.1007%2F978-3-319-01769-3.pdf
New Introduction to Multiple Time Series Analysis,Business and Economics,https://link.springer.com/content/pdf/10.1007%2F978-3-540-27752-1.pdf
Game Theory,Business and Economics,https://link.springer.com/content/pdf/10.1007%2F978-3-662-46950-7.pdf
Physical Asset Management,Business and Economics,https://link.springer.com/content/pdf/10.1007%2F978-3-319-14777-2.pdf
Linear and Nonlinear Programming,Business and Management,https://link.springer.com/content/pdf/10.1007%2F978-3-319-18842-3.pdf
Enterprise Risk Management Models,Business and Management,https://link.springer.com/content/pdf/10.1007%2F978-3-662-53785-5.pdf
Introduction to Electronic Commerce and Social Commerce,Business and Management,https://link.springer.com/content/pdf/10.1007%2F978-3-319-50091-1.pdf
Business Process Management Cases,Business and Management,https://link.springer.com/content/pdf/10.1007%2F978-3-319-58307-5.pdf
Social Media Management,Business and Management,https://link.springer.com/content/pdf/10.1007%2F978-3-319-21990-5.pdf
Multinational Management,Business and Management,https://link.springer.com/content/pdf/10.1007%2F978-3-319-23012-2.pdf
Leadership Today,Business and Management,https://link.springer.com/content/pdf/10.1007%2F978-3-319-31036-7.pdf
Sustainable Supply Chains,Business and Management,https://link.springer.com/content/pdf/10.1007%2F978-3-319-29791-0.pdf
Strategic Retail Management,Business and Management,https://link.springer.com/content/pdf/10.1007%2F978-3-658-10183-1.pdf
"Travel Marketing, Tourism Economics and the Airline Product",Business and Management,https://link.springer.com/content/pdf/10.1007%2F978-3-319-49849-2.pdf
Electronic Commerce 2018,Business and Management,https://link.springer.com/content/pdf/10.1007%2F978-3-319-58715-8.pdf
Market Research,Business and Management,https://link.springer.com/content/pdf/10.1007%2F978-981-10-5218-7.pdf
Managing Sustainable Business,Business and Management,https://link.springer.com/content/pdf/10.1007%2F978-94-024-1144-7.pdf
Knowledge Management,Business and Management,https://link.springer.com/content/pdf/10.1007%2F978-3-319-59978-6.pdf
Customer Relationship Management,Business and Management,https://link.springer.com/content/pdf/10.1007%2F978-3-662-55381-7.pdf
Strategic Human Resource Management and Employment Relations,Business and Management,https://link.springer.com/content/pdf/10.1007%2F978-981-13-0399-9.pdf
Entertainment Science,Business and Management,https://link.springer.com/content/pdf/10.1007%2F978-3-319-89292-4.pdf
Analytical Corporate Finance,Business and Management,https://link.springer.com/content/pdf/10.1007%2F978-3-319-95762-3.pdf
A Concise Guide to Market Research,Business and Management,https://link.springer.com/content/pdf/10.1007%2F978-3-662-56707-4.pdf
Global Supply Chain and Operations Management,Business and Management,https://link.springer.com/content/pdf/10.1007%2F978-3-319-94313-8.pdf
International Business Management,Business and Management,https://link.springer.com/content/pdf/10.1007%2F978-3-319-96622-9.pdf
Excel Data Analysis,Business and Management,https://link.springer.com/content/pdf/10.1007%2F978-3-030-01279-3.pdf
Digital Business Models,Business and Management,https://link.springer.com/content/pdf/10.1007%2F978-3-030-13005-3.pdf
Social Marketing in Action,Business and Management,https://link.springer.com/content/pdf/10.1007%2F978-3-030-13020-6.pdf
Essentials of Business Analytics,Business and Management,https://link.springer.com/content/pdf/10.1007%2F978-3-319-68837-4.pdf
Ceramic Materials,Chemistry and Materials Science,https://link.springer.com/content/pdf/10.1007%2F978-0-387-46271-4.pdf
Principles of Fluorescence Spectroscopy,Chemistry and Materials Science,https://link.springer.com/content/pdf/10.1007%2F978-0-387-46312-4.pdf
Composite Materials,Chemistry and Materials Science,https://link.springer.com/content/pdf/10.1007%2F978-0-387-74365-3.pdf
Transmission Electron Microscopy,Chemistry and Materials Science,https://link.springer.com/content/pdf/10.1007%2F978-0-387-76501-3.pdf
Sensory Evaluation of Food,Chemistry and Materials Science,https://link.springer.com/content/pdf/10.1007%2F978-1-4419-6488-5.pdf
Engineering Flow and Heat Exchange,Chemistry and Materials Science,https://link.springer.com/content/pdf/10.1007%2F978-1-4899-7454-9.pdf
Chemical Thermodynamics,Chemistry and Materials Science,https://link.springer.com/content/pdf/10.1007%2F978-3-642-19864-9.pdf
Electrochemistry,Chemistry and Materials Science,https://link.springer.com/content/pdf/10.1007%2F978-3-642-30250-3.pdf
Acid-Base Diagrams,Chemistry and Materials Science,https://link.springer.com/content/pdf/10.1007%2F978-3-642-37902-4.pdf
Brewing Science A Multidisciplinary Approach,Chemistry and Materials Science,https://link.springer.com/content/pdf/10.1007%2F978-3-319-46394-0.pdf
Principles of Polymer Chemistry,Chemistry and Materials Science,https://link.springer.com/content/pdf/10.1007%2F978-1-4614-2212-9.pdf
Nanotechnology Principles and Practices,Chemistry and Materials Science,https://link.springer.com/content/pdf/10.1007%2F978-3-319-09171-6.pdf
Structure Determination by X-ray Crystallography,Chemistry and Materials Science,https://link.springer.com/content/pdf/10.1007%2F978-1-4614-3954-7.pdf
Ceramic Materials,Chemistry and Materials Science,https://link.springer.com/content/pdf/10.1007%2F978-1-4614-3523-5.pdf
Foundations of Analytical Chemistry,Chemistry and Materials Science,https://link.springer.com/content/pdf/10.1007%2F978-3-319-62872-1.pdf
Mass Spectrometry,Chemistry and Materials Science,https://link.springer.com/content/pdf/10.1007%2F978-3-319-54398-7.pdf
Statistical Mechanics for Engineers,Chemistry and Materials Science,https://link.springer.com/content/pdf/10.1007%2F978-3-319-13809-1.pdf
Magnetic Interactions in Molecules and Solids,Chemistry and Materials Science,https://link.springer.com/content/pdf/10.1007%2F978-3-319-22951-5.pdf
Polymer Synthesis Theory and Practice,Chemistry and Materials Science,https://link.springer.com/content/pdf/10.1007%2F978-3-642-28980-4.pdf
Food Analysis Laboratory Manual,Chemistry and Materials Science,https://link.springer.com/content/pdf/10.1007%2F978-3-319-44127-6.pdf
Electrochemical Impedance Spectroscopy and its Applications,Chemistry and Materials Science,https://link.springer.com/content/pdf/10.1007%2F978-1-4614-8933-7.pdf
Group Theory Applied to Chemistry,Chemistry and Materials Science,https://link.springer.com/content/pdf/10.1007%2F978-94-007-6863-5.pdf
Food Chemistry,Chemistry and Materials Science,https://link.springer.com/content/pdf/10.1007%2F978-3-540-69934-7.pdf
Exam Survival Guide Physical Chemistry,Chemistry and Materials Science,https://link.springer.com/content/pdf/10.1007%2F978-3-319-49810-2.pdf
Food Analysis,Chemistry and Materials Science,https://link.springer.com/content/pdf/10.1007%2F978-3-319-45776-5.pdf
Physical Chemistry from a Different Angle,Chemistry and Materials Science,https://link.springer.com/content/pdf/10.1007%2F978-3-319-15666-8.pdf
Essentials of Food Science,Chemistry and Materials Science,https://link.springer.com/content/pdf/10.1007%2F978-1-4614-9138-5.pdf
Chemical and Bioprocess Engineering,Chemistry and Materials Science,https://link.springer.com/content/pdf/10.1007%2F978-1-4614-9126-2.pdf
Applied Chemistry,Chemistry and Materials Science,https://link.springer.com/content/pdf/10.1007%2F978-1-4614-4262-2.pdf
Advanced Organic Chemistry,Chemistry and Materials Science,https://link.springer.com/content/pdf/10.1007%2F978-0-387-44899-2.pdf
Advanced Organic Chemistry,Chemistry and Materials Science,https://link.springer.com/content/pdf/10.1007%2F978-0-387-71481-3.pdf
Scanning Electron Microscopy and X-Ray Microanalysis,Chemistry and Materials Science,https://link.springer.com/content/pdf/10.1007%2F978-1-4939-6676-9.pdf
Polymer Chemistry,Chemistry and Materials Science,https://link.springer.com/content/pdf/10.1007%2F978-3-662-49279-6.pdf
Introduction to Evolutionary Computing,Computer Science,https://link.springer.com/content/pdf/10.1007%2F978-3-662-44874-8.pdf
Data Structures and Algorithms with Python,Computer Science,https://link.springer.com/content/pdf/10.1007%2F978-3-319-13072-9.pdf
LaTeX in 24 Hours,Computer Science,https://link.springer.com/content/pdf/10.1007%2F978-3-319-47831-9.pdf
Automata and Computability,Computer Science,https://link.springer.com/content/pdf/10.1007%2F978-1-4612-1844-9.pdf
The Algorithm Design Manual,Computer Science,https://link.springer.com/content/pdf/10.1007%2F978-1-84800-070-4.pdf
Principles of Data Mining,Computer Science,https://link.springer.com/content/pdf/10.1007%2F978-1-4471-7307-6.pdf
Fundamentals of Business Process Management,Computer Science,https://link.springer.com/content/pdf/10.1007%2F978-3-642-33143-5.pdf
UML @ Classroom,Computer Science,https://link.springer.com/content/pdf/10.1007%2F978-3-319-12742-2.pdf
Foundations for Designing User-Centered Systems,Computer Science,https://link.springer.com/content/pdf/10.1007%2F978-1-4471-5134-0.pdf
Computer Vision,Computer Science,https://link.springer.com/content/pdf/10.1007%2F978-1-84882-935-0.pdf
Data Mining,Computer Science,https://link.springer.com/content/pdf/10.1007%2F978-3-319-14142-8.pdf
Computational Geometry,Computer Science,https://link.springer.com/content/pdf/10.1007%2F978-3-540-77974-2.pdf
Cryptography Made Simple,Computer Science,https://link.springer.com/content/pdf/10.1007%2F978-3-319-21936-3.pdf
Eye Tracking Methodology,Computer Science,https://link.springer.com/content/pdf/10.1007%2F978-3-319-57883-5.pdf
The Data Science Design Manual,Computer Science,https://link.springer.com/content/pdf/10.1007%2F978-3-319-55444-0.pdf
An Introduction to Machine Learning,Computer Science,https://link.springer.com/content/pdf/10.1007%2F978-3-319-63913-0.pdf
Guide to Discrete Mathematics,Computer Science,https://link.springer.com/content/pdf/10.1007%2F978-3-319-44561-8.pdf
Modelling Computing Systems,Computer Science,https://link.springer.com/content/pdf/10.1007%2F978-1-84800-322-4.pdf
Understanding Cryptography,Computer Science,https://link.springer.com/content/pdf/10.1007%2F978-3-642-04101-3.pdf
Concise Guide to Software Engineering,Computer Science,https://link.springer.com/content/pdf/10.1007%2F978-3-319-57750-0.pdf
Fundamentals of Multimedia,Computer Science,https://link.springer.com/content/pdf/10.1007%2F978-3-319-05290-8.pdf
The Python Workbook,Computer Science,https://link.springer.com/content/pdf/10.1007%2F978-3-319-14240-1.pdf
Recommender Systems,Computer Science,https://link.springer.com/content/pdf/10.1007%2F978-3-319-29659-3.pdf
Python Programming Fundamentals,Computer Science,https://link.springer.com/content/pdf/10.1007%2F978-1-4471-6642-9.pdf
"Object-Oriented Analysis, Design and Implementation",Computer Science,https://link.springer.com/content/pdf/10.1007%2F978-3-319-24280-4.pdf
Introduction to Data Science,Computer Science,https://link.springer.com/content/pdf/10.1007%2F978-3-319-50017-1.pdf
Concise Guide to Databases,Computer Science,https://link.springer.com/content/pdf/10.1007%2F978-1-4471-5601-7.pdf
Digital Image Processing,Computer Science,https://link.springer.com/content/pdf/10.1007%2F978-1-4471-6684-9.pdf
Guide to Computer Network Security,Computer Science,https://link.springer.com/content/pdf/10.1007%2F978-3-319-55606-2.pdf
Foundations of Programming Languages,Computer Science,https://link.springer.com/content/pdf/10.1007%2F978-3-319-70790-7.pdf
Probability and Statistics for Computer Science,Computer Science,https://link.springer.com/content/pdf/10.1007%2F978-3-319-64410-3.pdf
Guide to Competitive Programming,Computer Science,https://link.springer.com/content/pdf/10.1007%2F978-3-319-72547-5.pdf
Introduction to Artificial Intelligence,Computer Science,https://link.springer.com/content/pdf/10.1007%2F978-3-319-58487-4.pdf
Introduction to Deep Learning,Computer Science,https://link.springer.com/content/pdf/10.1007%2F978-3-319-73004-2.pdf
"A Beginners Guide to Scala, Object Orientation and Functional Programming",Computer Science,https://link.springer.com/content/pdf/10.1007%2F978-3-319-75771-1.pdf
Fundamentals of Business Process Management,Computer Science,https://link.springer.com/content/pdf/10.1007%2F978-3-662-56509-4.pdf
Guide to Scientific Computing in C++,Computer Science,https://link.springer.com/content/pdf/10.1007%2F978-3-319-73132-2.pdf
Fundamentals of Java Programming,Computer Science,https://link.springer.com/content/pdf/10.1007%2F978-3-319-89491-1.pdf
Logical Foundations of Cyber-Physical Systems,Computer Science,https://link.springer.com/content/pdf/10.1007%2F978-3-319-63588-0.pdf
Introduction to Programming with Fortran,Computer Science,https://link.springer.com/content/pdf/10.1007%2F978-3-319-75502-1.pdf
Neural Networks and Deep Learning,Computer Science,https://link.springer.com/content/pdf/10.1007%2F978-3-319-94463-0.pdf
Data Science and Predictive Analytics,Computer Science,https://link.springer.com/content/pdf/10.1007%2F978-3-319-72347-1.pdf
Systems Programming in UnixLinux,Computer Science,https://link.springer.com/content/pdf/10.1007%2F978-3-319-92429-8.pdf
Introduction to Parallel Computing,Computer Science,https://link.springer.com/content/pdf/10.1007%2F978-3-319-98833-7.pdf
Analysis for Computer Scientists,Computer Science,https://link.springer.com/content/pdf/10.1007%2F978-3-319-91155-7.pdf
Introductory Computer Forensics,Computer Science,https://link.springer.com/content/pdf/10.1007%2F978-3-030-00581-8.pdf
Java in Two Semesters,Computer Science,https://link.springer.com/content/pdf/10.1007%2F978-3-319-99420-8.pdf
A Beginners Guide to Python 3 Programming,Computer Science,https://link.springer.com/content/pdf/10.1007%2F978-3-030-20290-3.pdf
Advanced Guide to Python 3 Programming,Computer Science,https://link.springer.com/content/pdf/10.1007%2F978-3-030-25943-3.pdf
Geomorphology of Desert Environments,Earth and Environmental Science,https://link.springer.com/content/pdf/10.1007%2F978-1-4020-5719-9.pdf
Irrigation and Drainage Engineering,Earth and Environmental Science,https://link.springer.com/content/pdf/10.1007%2F978-3-319-05699-9.pdf
Climate Change Science A Modern Synthesis,Earth and Environmental Science,https://link.springer.com/content/pdf/10.1007%2F978-94-007-5757-8.pdf
Petroleum Geoscience,Earth and Environmental Science,https://link.springer.com/content/pdf/10.1007%2F978-3-642-34132-8.pdf
Plate Tectonics,Earth and Environmental Science,https://link.springer.com/content/pdf/10.1007%2F978-3-540-76504-2.pdf
The Sea Floor,Earth and Environmental Science,https://link.springer.com/content/pdf/10.1007%2F978-3-319-51412-3.pdf
An Introduction to Soil Mechanics,Earth and Environmental Science,https://link.springer.com/content/pdf/10.1007%2F978-3-319-61185-3.pdf
Sustainability Science,Earth and Environmental Science,https://link.springer.com/content/pdf/10.1007%2F978-94-017-7242-6.pdf
Python For ArcGIS,Earth and Environmental Science,https://link.springer.com/content/pdf/10.1007%2F978-3-319-18398-5.pdf
ArcGIS for Environmental and Water Issues,Earth and Environmental Science,https://link.springer.com/content/pdf/10.1007%2F978-3-319-61158-7.pdf
System Dynamics,Economics and Finance,https://link.springer.com/content/pdf/10.1007%2F978-981-10-2045-2.pdf
Principles of Microeconomics,Economics and Finance,https://link.springer.com/content/pdf/10.1007%2F978-3-319-57589-6.pdf
Time Series Econometrics,Economics and Finance,https://link.springer.com/content/pdf/10.1007%2F978-3-319-32862-1.pdf
Stochastic Processes and Calculus,Economics and Finance,https://link.springer.com/content/pdf/10.1007%2F978-3-319-23428-1.pdf
Economics as Applied Ethics,Economics and Finance,https://link.springer.com/content/pdf/10.1007%2F978-3-319-50319-6.pdf
Grammar for Teachers,Education,https://link.springer.com/content/pdf/10.1007%2F978-3-319-33916-0.pdf
Writing for Publication,Education,https://link.springer.com/content/pdf/10.1007%2F978-3-319-31650-5.pdf
Language Across the Curriculum & CLIL in English as an Additional Language (EAL) Contexts,Education,https://link.springer.com/content/pdf/10.1007%2F978-981-10-1802-2.pdf
The A-Z of the PhD Trajectory,Education,https://link.springer.com/content/pdf/10.1007%2F978-3-319-77425-1.pdf
Conferencing and Presentation English for Young Academics,Education,https://link.springer.com/content/pdf/10.1007%2F978-981-13-2475-8.pdf
Research Methods for Social Justice and Equity in Education,Education,https://link.springer.com/content/pdf/10.1007%2F978-3-030-05900-2.pdf
Educational Technology,Education,https://link.springer.com/content/pdf/10.1007%2F978-981-13-6643-7.pdf
School Leadership and Educational Change in Singapore,Education,https://link.springer.com/content/pdf/10.1007%2F978-3-319-74746-0.pdf
A Course in Rasch Measurement Theory,Education,https://link.springer.com/content/pdf/10.1007%2F978-981-13-7496-8.pdf
Electrical Machines,Energy,https://link.springer.com/content/pdf/10.1007%2F978-1-4614-0400-2.pdf
Energy Storage,Energy,https://link.springer.com/content/pdf/10.1007%2F978-3-319-21239-5.pdf
Reactive Power Control in AC Power Systems,Energy,https://link.springer.com/content/pdf/10.1007%2F978-3-319-51118-4.pdf
Energy Economics,Energy,https://link.springer.com/content/pdf/10.1007%2F978-3-662-53022-1.pdf
Solar PV and Wind Energy Conversion Systems,Energy,https://link.springer.com/content/pdf/10.1007%2F978-3-319-14941-7.pdf
Air Pollution and Greenhouse Gases,Energy,https://link.springer.com/content/pdf/10.1007%2F978-981-287-212-8.pdf
Energy Harvesting and Energy Efficiency,Energy,https://link.springer.com/content/pdf/10.1007%2F978-3-319-49875-1.pdf
Energy and the Wealth of Nations,Energy,https://link.springer.com/content/pdf/10.1007%2F978-3-319-66219-0.pdf
Building Energy Modeling with OpenStudio,Energy,https://link.springer.com/content/pdf/10.1007%2F978-3-319-77809-9.pdf
Off-Grid Electrical Systems in Developing Countries,Energy,https://link.springer.com/content/pdf/10.1007%2F978-3-319-91890-7.pdf
Fundamentals of Power Electronics,Engineering,https://link.springer.com/content/pdf/10.1007%2Fb100747.pdf
Intuitive Probability and Random Processes using MATLAB®,Engineering,https://link.springer.com/content/pdf/10.1007%2Fb104645.pdf
Fatigue of Structures and Materials,Engineering,https://link.springer.com/content/pdf/10.1007%2F978-1-4020-6808-9.pdf
Fundamentals of Robotic Mechanical Systems,Engineering,https://link.springer.com/content/pdf/10.1007%2F978-3-319-01851-5.pdf
Introduction to Logic Circuits & Logic Design with Verilog,Engineering,https://link.springer.com/content/pdf/10.1007%2F978-3-319-53883-9.pdf
Structural Analysis,Engineering,https://link.springer.com/content/pdf/10.1007%2F978-90-481-2516-6.pdf
Additive Manufacturing Technologies,Engineering,https://link.springer.com/content/pdf/10.1007%2F978-1-4419-1120-9.pdf
Engineering Electromagnetics,Engineering,https://link.springer.com/content/pdf/10.1007%2F978-3-319-07806-9.pdf
Alternative Energy Sources,Engineering,https://link.springer.com/content/pdf/10.1007%2F978-3-642-20951-2.pdf
"Robotics, Vision and Control",Engineering,https://link.springer.com/content/pdf/10.1007%2F978-3-319-54413-7.pdf
Engineering Mechanics 1,Engineering,https://link.springer.com/content/pdf/10.1007%2F978-3-642-30319-7.pdf
Thermodynamics and Energy Conversion,Engineering,https://link.springer.com/content/pdf/10.1007%2F978-3-662-43715-5.pdf
Principles of Mobile Communication,Engineering,https://link.springer.com/content/pdf/10.1007%2F978-3-319-55615-4.pdf
Physics of Semiconductor Devices,Engineering,https://link.springer.com/content/pdf/10.1007%2F978-1-4939-1151-6.pdf
Life Cycle Assessment,Engineering,https://link.springer.com/content/pdf/10.1007%2F978-3-319-56475-3.pdf
Additive Manufacturing Technologies,Engineering,https://link.springer.com/content/pdf/10.1007%2F978-1-4939-2113-3.pdf
Robotics,Engineering,https://link.springer.com/content/pdf/10.1007%2F978-1-84628-642-1.pdf
Fundamentals of Structural Engineering,Engineering,https://link.springer.com/content/pdf/10.1007%2F978-3-319-24331-3.pdf
Electronics for Embedded Systems,Engineering,https://link.springer.com/content/pdf/10.1007%2F978-3-319-39439-8.pdf
Practical Electrical Engineering,Engineering,https://link.springer.com/content/pdf/10.1007%2F978-3-319-21173-2.pdf
The Finite Element Method and Applications in Engineering Using ANSYS®,Engineering,https://link.springer.com/content/pdf/10.1007%2F978-1-4899-7550-8.pdf
Introduction to Embedded Systems,Engineering,https://link.springer.com/content/pdf/10.1007%2F978-1-4614-3143-5.pdf
The Finite Volume Method in Computational Fluid Dynamics,Engineering,https://link.springer.com/content/pdf/10.1007%2F978-3-319-16874-6.pdf
Introduction to Logic Circuits & Logic Design with VHDL,Engineering,https://link.springer.com/content/pdf/10.1007%2F978-3-319-34195-8.pdf
Statics and Mechanics of Structures,Engineering,https://link.springer.com/content/pdf/10.1007%2F978-94-007-6113-1.pdf
"Robotics, Vision and Control",Engineering,https://link.springer.com/content/pdf/10.1007%2F978-3-642-20144-8.pdf
Engineering Mechanics 2,Engineering,https://link.springer.com/content/pdf/10.1007%2F978-3-662-56272-7.pdf
Fundamentals of Solid State Engineering,Engineering,https://link.springer.com/content/pdf/10.1007%2F978-3-319-75708-7.pdf
Introduction to Digital Systems Design,Engineering,https://link.springer.com/content/pdf/10.1007%2F978-3-319-92804-3.pdf
Internet of Things From Hype to Reality,Engineering,https://link.springer.com/content/pdf/10.1007%2F978-3-319-99516-8.pdf
Structural Dynamics,Engineering,https://link.springer.com/content/pdf/10.1007%2F978-3-319-94743-3.pdf
Quick Start Guide to VHDL,Engineering,https://link.springer.com/content/pdf/10.1007%2F978-3-030-04516-6.pdf
Astronautics,Engineering,https://link.springer.com/content/pdf/10.1007%2F978-3-319-74373-8.pdf
Quick Start Guide to Verilog,Engineering,https://link.springer.com/content/pdf/10.1007%2F978-3-030-10552-5.pdf
Introduction to Logic Circuits & Logic Design with VHDL,Engineering,https://link.springer.com/content/pdf/10.1007%2F978-3-030-12489-2.pdf
Introduction to Logic Circuits & Logic Design with Verilog,Engineering,https://link.springer.com/content/pdf/10.1007%2F978-3-030-13605-5.pdf
Handbook of the Life Course,"Humanities, Social Sciences and Law",https://link.springer.com/content/pdf/10.1007%2Fb100507.pdf
Handbook of Disaster Research,"Humanities, Social Sciences and Law",https://link.springer.com/content/pdf/10.1007%2F978-0-387-32353-4.pdf
Handbook of the Sociology of Gender,"Humanities, Social Sciences and Law",https://link.springer.com/content/pdf/10.1007%2F0-387-36218-5.pdf
Handbook of Sociological Theory,"Humanities, Social Sciences and Law",https://link.springer.com/content/pdf/10.1007%2F0-387-36274-6.pdf
International Handbook of Historical Archaeology,"Humanities, Social Sciences and Law",https://link.springer.com/content/pdf/10.1007%2F978-0-387-72071-5.pdf
Handbook of Quantitative Criminology,"Humanities, Social Sciences and Law",https://link.springer.com/content/pdf/10.1007%2F978-0-387-77650-7.pdf
LGBT-Parent Families,"Humanities, Social Sciences and Law",https://link.springer.com/content/pdf/10.1007%2F978-1-4614-4556-2.pdf
Statistics in Criminal Justice,"Humanities, Social Sciences and Law",https://link.springer.com/content/pdf/10.1007%2F978-1-4614-9170-5.pdf
The Action Research Planner,"Humanities, Social Sciences and Law",https://link.springer.com/content/pdf/10.1007%2F978-981-4560-67-2.pdf
Handbook of Marriage and the Family,"Humanities, Social Sciences and Law",https://link.springer.com/content/pdf/10.1007%2F978-1-4614-3987-5.pdf
Optimization of Process Flowsheets through Metaheuristic Techniques,Intelligent Technologies and Robotics,https://link.springer.com/content/pdf/10.1007%2F978-3-319-91722-1.pdf
Robotics,Intelligent Technologies and Robotics,https://link.springer.com/content/pdf/10.1007%2F978-3-319-72911-4.pdf
Stability and Control of Linear Systems,Intelligent Technologies and Robotics,https://link.springer.com/content/pdf/10.1007%2F978-3-030-02405-5.pdf
Control Engineering,Intelligent Technologies and Robotics,https://link.springer.com/content/pdf/10.1007%2F978-981-10-8297-9.pdf
Control Engineering MATLAB Exercises,Intelligent Technologies and Robotics,https://link.springer.com/content/pdf/10.1007%2F978-981-10-8321-1.pdf
Automatic Control with Experiments,Intelligent Technologies and Robotics,https://link.springer.com/content/pdf/10.1007%2F978-3-319-75804-6.pdf
Multimedia Big Data Computing for IoT Applications,Intelligent Technologies and Robotics,https://link.springer.com/content/pdf/10.1007%2F978-981-13-8759-3.pdf
Correctional Counseling and Treatment,Law and Criminology,https://link.springer.com/content/pdf/10.1007%2F978-3-319-54349-9.pdf
Taxation in European Union,Law and Criminology,https://link.springer.com/content/pdf/10.1007%2F978-3-319-53919-5.pdf
Legal Dynamics of EU External Relations,Law and Criminology,https://link.springer.com/content/pdf/10.1007%2F978-3-662-54817-2.pdf
Introduction to Law,Law and Criminology,https://link.springer.com/content/pdf/10.1007%2F978-3-319-57252-9.pdf
International Humanitarian Action,Law and Criminology,https://link.springer.com/content/pdf/10.1007%2F978-3-319-14454-2.pdf
Perspectives on Elderly Crime and Victimization,Law and Criminology,https://link.springer.com/content/pdf/10.1007%2F978-3-319-72682-3.pdf
Criminal Justice and Mental Health,Law and Criminology,https://link.springer.com/content/pdf/10.1007%2F978-3-319-76442-9.pdf
Fraud and Corruption,Law and Criminology,https://link.springer.com/content/pdf/10.1007%2F978-3-319-92333-8.pdf
Policing and Minority Communities,Law and Criminology,https://link.springer.com/content/pdf/10.1007%2F978-3-030-19182-5.pdf
Teaching Medicine and Medical Ethics Using Popular Culture,"Literature, Cultural and Media Studies",https://link.springer.com/content/pdf/10.1007%2F978-3-319-65451-5.pdf
Empathetic Space on Screen,"Literature, Cultural and Media Studies",https://link.springer.com/content/pdf/10.1007%2F978-3-319-66772-0.pdf
"Of Cigarettes, High Heels, and Other Interesting Things","Literature, Cultural and Media Studies",https://link.springer.com/content/pdf/10.1057%2F978-1-349-95348-6.pdf
Witnessing Torture,"Literature, Cultural and Media Studies",https://link.springer.com/content/pdf/10.1007%2F978-3-319-74965-5.pdf
Research Methods for the Digital Humanities,"Literature, Cultural and Media Studies",https://link.springer.com/content/pdf/10.1007%2F978-3-319-96713-4.pdf
Managing Media and Digital Organizations,"Literature, Cultural and Media Studies",https://link.springer.com/content/pdf/10.1007%2F978-3-319-71288-8.pdf
Media and Digital Management,"Literature, Cultural and Media Studies",https://link.springer.com/content/pdf/10.1007%2F978-3-319-72000-5.pdf
"An Anthology of London in Literature, 1558-1914","Literature, Cultural and Media Studies",https://link.springer.com/content/pdf/10.1007%2F978-3-030-05609-4.pdf
Mapping Global Theatre Histories,"Literature, Cultural and Media Studies",https://link.springer.com/content/pdf/10.1007%2F978-3-030-12727-5.pdf
Literature and Medicine,"Literature, Cultural and Media Studies",https://link.springer.com/content/pdf/10.1007%2F978-3-030-19128-3.pdf
All of Statistics,Mathematics and Statistics,https://link.springer.com/content/pdf/10.1007%2F978-0-387-21736-9.pdf
Discrete Mathematics,Mathematics and Statistics,https://link.springer.com/content/pdf/10.1007%2Fb97469.pdf
Numerical Optimization,Mathematics and Statistics,https://link.springer.com/content/pdf/10.1007%2F978-0-387-40065-5.pdf
Time Series Analysis,Mathematics and Statistics,https://link.springer.com/content/pdf/10.1007%2F978-0-387-75959-3.pdf
Introductory Statistics with R,Mathematics and Statistics,https://link.springer.com/content/pdf/10.1007%2F978-0-387-79054-1.pdf
The Elements of Statistical Learning,Mathematics and Statistics,https://link.springer.com/content/pdf/10.1007%2F978-0-387-84858-7.pdf
Introductory Time Series with R,Mathematics and Statistics,https://link.springer.com/content/pdf/10.1007%2F978-0-387-88698-5.pdf
A Beginners Guide to R,Mathematics and Statistics,https://link.springer.com/content/pdf/10.1007%2F978-0-387-93837-0.pdf
"Reading, Writing, and Proving",Mathematics and Statistics,https://link.springer.com/content/pdf/10.1007%2F978-1-4419-9479-0.pdf
Introduction to Partial Differential Equations,Mathematics and Statistics,https://link.springer.com/content/pdf/10.1007%2F978-3-319-48936-0.pdf
Introduction to Partial Differential Equations,Mathematics and Statistics,https://link.springer.com/content/pdf/10.1007%2F978-3-319-02099-0.pdf
Methods of Mathematical Modelling,Mathematics and Statistics,https://link.springer.com/content/pdf/10.1007%2F978-3-319-23042-9.pdf
Introduction to Statistics and Data Analysis,Mathematics and Statistics,https://link.springer.com/content/pdf/10.1007%2F978-3-319-46162-5.pdf
Classical Fourier Analysis,Mathematics and Statistics,https://link.springer.com/content/pdf/10.1007%2F978-1-4939-1194-3.pdf
Quantum Theory for Mathematicians,Mathematics and Statistics,https://link.springer.com/content/pdf/10.1007%2F978-1-4614-7116-5.pdf
"Brownian Motion, Martingales, and Stochastic Calculus",Mathematics and Statistics,https://link.springer.com/content/pdf/10.1007%2F978-3-319-31089-3.pdf
Design and Analysis of Experiments,Mathematics and Statistics,https://link.springer.com/content/pdf/10.1007%2F978-3-319-52250-0.pdf
Applied Multivariate Statistical Analysis,Mathematics and Statistics,https://link.springer.com/content/pdf/10.1007%2F978-3-662-45171-7.pdf
Probability,Mathematics and Statistics,https://link.springer.com/content/pdf/10.1007%2F978-1-4612-4374-8.pdf
Modeling Life,Mathematics and Statistics,https://link.springer.com/content/pdf/10.1007%2F978-3-319-59731-7.pdf
Business Statistics for Competitive Advantage with Excel 2016,Mathematics and Statistics,https://link.springer.com/content/pdf/10.1007%2F978-3-319-32185-1.pdf
A Primer on Scientific Programming with Python,Mathematics and Statistics,https://link.springer.com/content/pdf/10.1007%2F978-3-662-49887-3.pdf
Statistical Analysis and Data Display,Mathematics and Statistics,https://link.springer.com/content/pdf/10.1007%2F978-1-4939-2122-5.pdf
Elementary Analysis,Mathematics and Statistics,https://link.springer.com/content/pdf/10.1007%2F978-1-4614-6271-2.pdf
Probability Theory,Mathematics and Statistics,https://link.springer.com/content/pdf/10.1007%2F978-1-4471-5201-9.pdf
Statistics and Data Analysis for Financial Engineering,Mathematics and Statistics,https://link.springer.com/content/pdf/10.1007%2F978-1-4939-2614-5.pdf
Differential Equations and Their Applications,Mathematics and Statistics,https://link.springer.com/content/pdf/10.1007%2F978-1-4612-4360-1.pdf
Partial Differential Equations,Mathematics and Statistics,https://link.springer.com/content/pdf/10.1007%2F978-1-4614-4809-9.pdf
Bayesian and Frequentist Regression Methods,Mathematics and Statistics,https://link.springer.com/content/pdf/10.1007%2F978-1-4419-0925-1.pdf
Introduction to Time Series and Forecasting,Mathematics and Statistics,https://link.springer.com/content/pdf/10.1007%2F978-3-319-29854-2.pdf
Introduction to Smooth Manifolds,Mathematics and Statistics,https://link.springer.com/content/pdf/10.1007%2F978-1-4419-9982-5.pdf
Multivariate Calculus and Geometry,Mathematics and Statistics,https://link.springer.com/content/pdf/10.1007%2F978-1-4471-6419-7.pdf
Representation Theory,Mathematics and Statistics,https://link.springer.com/content/pdf/10.1007%2F978-1-4612-0979-9.pdf
Linear Algebra Done Right,Mathematics and Statistics,https://link.springer.com/content/pdf/10.1007%2F978-3-319-11080-6.pdf
Linear Algebra,Mathematics and Statistics,https://link.springer.com/content/pdf/10.1007%2F978-3-319-24346-7.pdf
Algebra,Mathematics and Statistics,https://link.springer.com/content/pdf/10.1007%2F978-1-4613-0041-0.pdf
Understanding Analysis,Mathematics and Statistics,https://link.springer.com/content/pdf/10.1007%2F978-1-4939-2712-8.pdf
Ordinary Differential Equations,Mathematics and Statistics,https://link.springer.com/content/pdf/10.1007%2F978-1-4614-3618-8.pdf
Understanding Statistics Using R,Mathematics and Statistics,https://link.springer.com/content/pdf/10.1007%2F978-1-4614-6227-9.pdf
Survival Analysis,Mathematics and Statistics,https://link.springer.com/content/pdf/10.1007%2F978-1-4419-6646-9.pdf
An Introduction to Statistical Learning,Mathematics and Statistics,https://link.springer.com/content/pdf/10.1007%2F978-1-4614-7138-7.pdf
Statistical Learning from a Regression Perspective,Mathematics and Statistics,https://link.springer.com/content/pdf/10.1007%2F978-3-319-44048-4.pdf
Applied Partial Differential Equations,Mathematics and Statistics,https://link.springer.com/content/pdf/10.1007%2F978-3-319-12493-3.pdf
Regression Modeling Strategies,Mathematics and Statistics,https://link.springer.com/content/pdf/10.1007%2F978-3-319-19425-7.pdf
Applied Quantitative Finance,Mathematics and Statistics,https://link.springer.com/content/pdf/10.1007%2F978-3-662-54486-0.pdf
A Modern Introduction to Probability and Statistics,Mathematics and Statistics,https://link.springer.com/content/pdf/10.1007%2F1-84628-168-7.pdf
Complex Analysis,Mathematics and Statistics,https://link.springer.com/content/pdf/10.1007%2F978-1-4419-7288-0.pdf
Calculus With Applications,Mathematics and Statistics,https://link.springer.com/content/pdf/10.1007%2F978-1-4614-7946-8.pdf
Fundamentals of Clinical Trials,Mathematics and Statistics,https://link.springer.com/content/pdf/10.1007%2F978-3-319-18539-2.pdf
Applied Predictive Modeling,Mathematics and Statistics,https://link.springer.com/content/pdf/10.1007%2F978-1-4614-6849-3.pdf
Real Analysis,Mathematics and Statistics,https://link.springer.com/content/pdf/10.1007%2F978-1-4939-2766-1.pdf
Probability Theory,Mathematics and Statistics,https://link.springer.com/content/pdf/10.1007%2F978-1-4471-5361-0.pdf
Bayesian Essentials with R,Mathematics and Statistics,https://link.springer.com/content/pdf/10.1007%2F978-1-4614-8687-9.pdf
Abstract Algebra,Mathematics and Statistics,https://link.springer.com/content/pdf/10.1007%2F978-3-319-77649-1.pdf
Applied Linear Algebra,Mathematics and Statistics,https://link.springer.com/content/pdf/10.1007%2F978-3-319-91041-3.pdf
Proofs from THE BOOK,Mathematics and Statistics,https://link.springer.com/content/pdf/10.1007%2F978-3-662-57265-8.pdf
A Pythagorean Introduction to Number Theory,Mathematics and Statistics,https://link.springer.com/content/pdf/10.1007%2F978-3-030-02604-2.pdf
Primer on the Rheumatic Diseases,Medicine,https://link.springer.com/content/pdf/10.1007%2F978-0-387-68566-3.pdf
Evidence-Based Critical Care,Medicine,https://link.springer.com/content/pdf/10.1007%2F978-3-319-43341-7.pdf
Biomedical Informatics,Medicine,https://link.springer.com/content/pdf/10.1007%2F978-1-4471-4474-8.pdf
Cardiovascular Biomechanics,Medicine,https://link.springer.com/content/pdf/10.1007%2F978-3-319-46407-7.pdf
Evolutionary Thinking in Medicine,Medicine,https://link.springer.com/content/pdf/10.1007%2F978-3-319-29716-3.pdf
The ASCRS Textbook of Colon and Rectal Surgery,Medicine,https://link.springer.com/content/pdf/10.1007%2F978-3-319-25970-3.pdf
Breast Cancer,Medicine,https://link.springer.com/content/pdf/10.1007%2F978-3-319-48848-6.pdf
Spine Surgery,Medicine,https://link.springer.com/content/pdf/10.1007%2F978-3-319-98875-7.pdf
Essential Astrophysics,Physics and Astronomy,https://link.springer.com/content/pdf/10.1007%2F978-3-642-35963-7.pdf
Data Analysis,Physics and Astronomy,https://link.springer.com/content/pdf/10.1007%2F978-3-319-03762-2.pdf
Mechanics and Thermodynamics,Physics and Astronomy,https://link.springer.com/content/pdf/10.1007%2F978-3-319-27877-3.pdf
Particles and Nuclei,Physics and Astronomy,https://link.springer.com/content/pdf/10.1007%2F978-3-662-46321-5.pdf
Cosmology for the Curious,Physics and Astronomy,https://link.springer.com/content/pdf/10.1007%2F978-3-319-57040-2.pdf
Principles of Physics,Physics and Astronomy,https://link.springer.com/content/pdf/10.1007%2F978-3-642-23026-4.pdf
Extragalactic Astronomy and Cosmology,Physics and Astronomy,https://link.springer.com/content/pdf/10.1007%2F978-3-642-54083-7.pdf
Computational Physics,Physics and Astronomy,https://link.springer.com/content/pdf/10.1007%2F978-3-319-61088-7.pdf
Intermediate Physics for Medicine and Biology,Physics and Astronomy,https://link.springer.com/content/pdf/10.1007%2F978-3-319-12682-1.pdf
Fundamental Astronomy,Physics and Astronomy,https://link.springer.com/content/pdf/10.1007%2F978-3-662-53045-0.pdf
Elementary Mechanics Using Python,Physics and Astronomy,https://link.springer.com/content/pdf/10.1007%2F978-3-319-19596-4.pdf
Introduction to Plasma Physics and Controlled Fusion,Physics and Astronomy,https://link.springer.com/content/pdf/10.1007%2F978-3-319-22309-4.pdf
Fluid Dynamics,Physics and Astronomy,https://link.springer.com/content/pdf/10.1007%2F978-3-319-09351-2.pdf
Basic Concepts in Computational Physics,Physics and Astronomy,https://link.springer.com/content/pdf/10.1007%2F978-3-319-27265-8.pdf
Mathematical Physics,Physics and Astronomy,https://link.springer.com/content/pdf/10.1007%2F978-3-319-01195-0.pdf
Statistics and Analysis of Scientific Data,Physics and Astronomy,https://link.springer.com/content/pdf/10.1007%2F978-1-4939-6572-4.pdf
Stellar Structure and Evolution,Physics and Astronomy,https://link.springer.com/content/pdf/10.1007%2F978-3-642-30304-3.pdf
Computational Physics,Physics and Astronomy,https://link.springer.com/content/pdf/10.1007%2F978-3-319-00401-3.pdf
Quantum Mechanics,Physics and Astronomy,https://link.springer.com/content/pdf/10.1007%2F978-3-642-20556-9.pdf
Electricity and Magnetism,Physics and Astronomy,https://link.springer.com/content/pdf/10.1007%2F978-4-431-54526-2.pdf
Foundations of Quantum Mechanics,Physics and Astronomy,https://link.springer.com/content/pdf/10.1007%2F978-3-319-65867-4.pdf
Introduction to Mathematica® for Physicists,Physics and Astronomy,https://link.springer.com/content/pdf/10.1007%2F978-3-319-00894-3.pdf
Principles of Astrophysics,Physics and Astronomy,https://link.springer.com/content/pdf/10.1007%2F978-1-4614-9236-8.pdf
Principles of Musical Acoustics,Physics and Astronomy,https://link.springer.com/content/pdf/10.1007%2F978-1-4614-6786-1.pdf
Basics of Laser Physics,Physics and Astronomy,https://link.springer.com/content/pdf/10.1007%2F978-3-319-50651-7.pdf
Solid-State Physics,Physics and Astronomy,https://link.springer.com/content/pdf/10.1007%2F978-3-540-93804-0.pdf
Principles of Quantum Mechanics,Physics and Astronomy,https://link.springer.com/content/pdf/10.1007%2F978-1-4757-0576-8.pdf
Group Theory,Physics and Astronomy,https://link.springer.com/content/pdf/10.1007%2F978-3-540-32899-5.pdf
Elementary Mechanics Using Matlab,Physics and Astronomy,https://link.springer.com/content/pdf/10.1007%2F978-3-319-19587-2
The Physics of Semiconductors,Physics and Astronomy,https://link.springer.com/content/pdf/10.1007%2F978-3-319-23880-7
Quantum Mechanics,Physics and Astronomy,https://link.springer.com/content/pdf/10.1007%2F978-1-4612-1272-0
Transmission Electron Microscopy,Physics and Astronomy,https://link.springer.com/content/pdf/10.1007%2F978-1-4757-2519-3
Advanced Quantum Mechanics,Physics and Astronomy,https://link.springer.com/content/pdf/10.1007%2F978-3-319-25675-7
Physics from Symmetry,Physics and Astronomy,https://link.springer.com/content/pdf/10.1007%2F978-3-319-66631-0
Problems in Classical Electromagnetism,Physics and Astronomy,https://link.springer.com/content/pdf/10.1007%2F978-3-319-63133-2
Introductory Quantum Mechanics,Physics and Astronomy,https://link.springer.com/content/pdf/10.1007%2F978-3-319-68598-4
Linear Algebra and Analytic Geometry for Physical Sciences,Physics and Astronomy,https://link.springer.com/content/pdf/10.1007%2F978-3-319-78361-1
Introduction to General Relativity,Physics and Astronomy,https://link.springer.com/content/pdf/10.1007%2F978-981-13-1090-4
Introduction to Particle and Astroparticle Physics,Physics and Astronomy,https://link.springer.com/content/pdf/10.1007%2F978-3-319-78181-5
A First Introduction to Quantum Physics,Physics and Astronomy,https://link.springer.com/content/pdf/10.1007%2F978-3-319-92207-2.pdf
Physics of Oscillations and Waves,Physics and Astronomy,https://link.springer.com/book/10.1007%2F978-3-319-72314-3.pdf
Quantum Mechanics for Pedestrians 1,Physics and Astronomy,https://link.springer.com/book/10.1007%2F978-3-030-00464-4.pdf
Quantum Mechanics for Pedestrians 2,Physics and Astronomy,https://link.springer.com/content/pdf/10.1007%2F978-3-030-00467-5.pdf
Philosophy of Science for Scientists,Religion and Philosophy,https://link.springer.com/content/pdf/10.1007%2F978-3-319-26551-3.pdf
Readings in Formal Epistemology,Religion and Philosophy,https://link.springer.com/content/pdf/10.1007%2F978-3-319-20451-2.pdf
The Nature of Scientific Knowledge,Religion and Philosophy,https://link.springer.com/content/pdf/10.1007%2F978-3-319-33405-9.pdf
Communication and Bioethics at the End of Life,Religion and Philosophy,https://link.springer.com/content/pdf/10.1007%2F978-3-319-70920-8.pdf
Philosophy of Race,Religion and Philosophy,https://link.springer.com/content/pdf/10.1007%2F978-3-319-78729-9.pdf
Business Ethics - A Philosophical and Behavioral Approach,Religion and Philosophy,https://link.springer.com/content/pdf/10.1007%2F978-3-319-91575-3.pdf
Argumentation Theory A Pragma-Dialectical Perspective,Religion and Philosophy,https://link.springer.com/content/pdf/10.1007%2F978-3-319-95381-6.pdf
Mathematical Logic,Religion and Philosophy,https://link.springer.com/content/pdf/10.1007%2F978-3-319-97298-5.pdf
Introduction to Formal Philosophy,Religion and Philosophy,https://link.springer.com/content/pdf/10.1007%2F978-3-319-77434-3.pdf
Philosophical and Mathematical Logic,Religion and Philosophy,https://link.springer.com/content/pdf/10.1007%2F978-3-030-03255-5.pdf
Handbook of LGBT Elders,Social Sciences,https://link.springer.com/content/pdf/10.1007%2F978-3-319-03623-6.pdf
Disability and Vocational Rehabilitation in Rural Settings,Social Sciences,https://link.springer.com/content/pdf/10.1007%2F978-3-319-64786-9.pdf
Political Social Work,Social Sciences,https://link.springer.com/content/pdf/10.1007%2F978-3-319-68588-5.pdf
"Concepts, Methods and Practical Applications in Applied Demography",Social Sciences,https://link.springer.com/content/pdf/10.1007%2F978-3-319-65439-3.pdf
An Introduction to Zooarchaeology,Social Sciences,https://link.springer.com/content/pdf/10.1007%2F978-3-319-65682-3.pdf
Quantitative Methods for the Social Sciences,Social Sciences,https://link.springer.com/content/pdf/10.1007%2F978-3-319-99118-4.pdf
Social Justice Theory and Practice for Social Work,Social Sciences,https://link.springer.com/content/pdf/10.1007%2F978-981-13-3621-8.pdf
Analyzing Qualitative Data with MAXQDA,Social Sciences,https://link.springer.com/content/pdf/10.1007%2F978-3-030-15671-8.pdf
Handbook of Evolutionary Research in Archaeology,Social Sciences,https://link.springer.com/content/pdf/10.1007%2F978-3-030-11117-5.pdf
